Board Number,Snakes,Ladders,Avg(LengthSnake - LengthLadder),Avg(LengthSnake / LengthLadder)
1,88->73; 96->26; 27->1; 20->4; 99->98; 19->2; 77->22; 44->36; 5->3; 82->53,47->83; 30->68; 76->84; 23->28; 57->89; 54->58; 69->75; 87->93; 80->82; 61->76,8.7,1.5723684210526316
2,60->54; 90->68; 16->13; 57->24; 62->61; 6->1; 26->19,7->48; 30->52; 34->37; 47->89; 88->99; 19->88; 78->80; 74->98; 77->84; 36->65; 38->51; 73->93; 4->59,-15.0,0.4230769230769231
3,46->10; 35->31; 79->57; 10->4; 66->61; 28->19; 89->15; 14->8; 80->6,74->80; 13->73; 42->87; 97->99; 30->92; 55->85; 33->68; 19->48; 20->76; 26->86; 56->67,-9.777777777777779,0.7283950617283951
4,21->9; 94->85; 77->6; 8->5; 63->3; 61->8; 90->45; 51->30; 99->72; 71->15,53->68; 36->83; 33->37; 15->38; 9->92; 85->100; 96->98; 11->57; 78->89; 58->76,9.300000000000004,1.3522727272727275
5,35->12; 16->8; 51->20; 10->6; 4->2; 74->64; 86->5; 55->17; 39->4; 56->19,64->69; 96->97; 18->63; 3->54; 60->92; 21->43; 45->74; 61->71; 85->96; 83->89,5.699999999999999,1.2688679245283019
6,73->38; 32->30; 53->14; 92->46; 30->20; 68->11,58->99; 57->100; 91->98; 55->92; 50->55; 82->94; 20->52; 84->91; 9->35; 60->79; 38->39; 56->74; 12->73; 65->87,7.857142857142858,1.3323262839879155
7,46->30; 88->42; 69->3; 38->7; 74->61,59->82; 35->54; 55->100; 30->44; 26->66; 22->92; 5->57; 81->91; 52->97; 23->50; 41->49; 73->87; 47->81; 51->52; 63->77,6.666666666666664,1.2403846153846152
8,13->10; 96->23; 94->57; 17->13; 66->64; 63->49; 59->36; 91->32; 74->53,84->95; 99->100; 19->29; 35->58; 82->96; 30->73; 87->92; 90->94; 4->20; 98->99; 48->78,11.858585858585858,1.8255977496483826
9,97->76; 27->25; 73->42; 77->39; 4->1; 62->57; 28->27; 29->13; 86->15,55->77; 92->100; 58->96; 3->81; 81->84; 67->97; 80->92; 84->99; 30->78; 50->53; 57->60,-2.7474747474747474,0.8837606837606837
10,30->28; 14->12; 71->23; 64->6; 62->7; 40->3; 66->15; 92->67; 34->2,48->94; 36->65; 12->64; 17->74; 45->71; 11->52; 9->100; 26->60; 15->72; 16->24; 42->89,-9.919191919191924,0.7764116575591985
