Board Number,Snakes,Ladders,Avg(LengthSnake - LengthLadder),Avg(LengthSnake / LengthLadder)
1,88->44; 71->66; 65->52; 60->57; 77->40; 59->42; 47->15; 61->36; 21->18,44->53; 75->85; 72->77; 74->75; 66->70; 67->84; 93->94; 94->95; 85->88; 2->28; 63->100,9.525252525,1.919103314
2,97->1; 93->73; 80->56; 29->15; 17->16; 89->4; 65->61; 37->34; 74->65; 64->55,66->69; 18->92; 5->24; 73->75; 40->49; 2->28; 34->85; 56->64; 42->76; 46->100,-1.5,0.946428571
3,99->1; 27->24; 51->20; 18->15; 50->29; 34->21; 89->76; 26->23; 10->9,21->22; 55->89; 20->38; 14->40; 31->63; 66->79; 7->12; 13->100; 33->95; 98->99; 61->91,-7.424242424,0.73570658
4,35->16; 24->19; 18->9; 21->15; 47->25; 73->67; 55->30; 25->23; 37->34,22->27; 98->99; 12->40; 84->85; 56->65; 11->68; 77->83; 50->77; 70->81; 59->87; 40->71,-7.767676768,0.581154684
5,82->17; 90->85; 52->25; 66->4; 15->5; 60->29; 98->90; 31->16; 40->19; 87->83,48->49; 49->50; 27->31; 23->33; 89->91; 6->100; 91->93; 9->28; 16->65; 86->87,6.5,1.355191257
6,93->90; 30->10; 20->2; 88->54; 44->9; 14->13; 74->69; 71->68; 16->5; 40->36,15->31; 62->74; 65->71; 54->80; 75->100; 47->59; 50->61; 87->89; 32->37; 90->91,1.8,1.155172414
7,24->1; 61->30; 90->82; 96->67; 27->24; 21->16,55->56; 4->22; 66->73; 5->32; 70->74; 57->100; 8->35; 35->50; 58->61; 68->69; 77->81; 6->53; 69->95; 80->94,-0.428571429,0.974683544
8,38->23; 26->21; 28->20; 6->5; 95->93; 18->17; 83->47; 13->10; 80->60,45->49; 32->72; 69->90; 96->97; 10->15; 3->25; 11->46; 72->100; 8->34; 23->26; 91->92,-6.797979798,0.597968937
9,4->1; 54->49; 8->7; 38->33; 34->20; 65->50; 99->78; 95->91; 39->38; 12->11,5->53; 2->100; 16->58; 75->80; 64->81; 51->64; 87->96; 78->82; 25->36; 6->29,-20,0.259259259
10,76->65; 75->39; 92->62; 56->46; 8->5; 57->56; 30->27; 47->38; 5->3,62->94; 74->91; 42->48; 83->84; 58->67; 9->14; 36->42; 72->74; 71->73; 53->86; 68->78,0.484848485,1.043360434
