Board Number,Snakes,Ladders,Avg(LengthSnake - LengthLadder),Avg(LengthSnake / LengthLadder)
1,18->11; 8->3; 49->18; 43->12; 24->19; 57->22; 48->25; 26->17; 99->64,32->78; 36->77; 40->83; 66->93; 11->54; 58->72; 37->71; 56->91; 22->50; 52->86; 87->94,-11.88888889,0.628472222
2,86->33; 14->7; 20->11; 88->38; 2->1; 76->40; 87->34; 22->13; 37->25,32->72; 34->49; 68->86; 40->74; 15->47; 85->98; 43->79; 92->94; 51->64; 77->91; 60->76,4.373737374,1.206485455
3,37->22; 22->10; 41->20; 54->39; 97->63; 42->27; 25->11; 31->14; 95->49; 27->15,90->97; 89->92; 86->89; 84->95; 98->99; 92->100; 4->55; 76->86; 78->90; 39->51,8.3,1.703389831
4,88->45; 42->24; 12->9; 11->6; 83->34; 29->14; 51->29; 75->27; 68->40,52->83; 69->86; 59->81; 8->41; 38->65; 60->75; 48->72; 31->55; 96->99; 32->70; 26->66,0.757575758,1.030413625
5,20->7; 62->33; 85->45; 39->20; 9->2; 58->16; 17->13; 32->24; 97->76,59->80; 30->34; 41->63; 77->87; 33->51; 68->84; 28->72; 61->82; 8->50; 88->95; 53->79,-0.666666667,0.968253968
6,68->25; 20->12; 38->20; 98->51; 29->13; 18->10; 51->35; 47->45; 91->65,9->74; 2->61; 25->53; 8->38; 42->60; 16->77; 36->73; 79->94; 77->88; 99->100; 33->66,-12.1010101,0.628181254
7,46->15; 97->62; 17->12; 82->23; 92->39; 9->5; 53->40; 20->9; 42->18; 8->3,36->73; 60->82; 93->95; 54->88; 61->89; 87->96; 47->72; 13->49; 56->94; 45->66,-1.2,0.952380952
8,47->28; 14->5; 89->35; 29->20; 17->10; 55->25; 62->19; 21->16; 70->61,83->93; 86->95; 20->43; 43->64; 46->60; 60->81; 32->80; 51->57; 38->72; 13->42; 45->62,-0.535353535,0.974616858
9,33->19; 87->70; 90->12; 42->22; 26->16; 68->41; 53->23; 10->7,71->85; 89->95; 70->88; 82->91; 13->68; 59->79; 43->75; 51->82; 56->80; 32->43; 19->69; 96->99,2.125,1.093406593
10,33->24; 83->27; 65->42; 52->34; 7->6; 96->35; 67->49; 19->9,46->76; 24->53; 86->93; 31->52; 17->65; 49->74; 35->59; 72->85; 36->70; 85->90; 44->64; 14->32,1.666666667,1.072992701
