Board Number,Snakes,Ladders,Avg(LengthSnake - LengthLadder),Avg(LengthSnake / LengthLadder)
1,93->50; 6->2; 41->23; 62->33; 98->51; 27->18; 56->39; 43->10,97->99; 58->78; 66->95; 37->65; 36->48; 57->86; 53->98; 47->63; 44->91; 73->80; 26->54; 32->59,0.833333333,1.034482759
2,51->16; 70->51; 72->66; 81->68; 54->23; 5->1; 97->44; 71->43; 40->6,43->54; 64->90; 80->88; 49->60; 14->34; 12->31; 53->100; 68->71; 26->75; 28->94; 6->14,0.414141414,1.016998342
3,72->24; 70->63; 57->17; 52->51; 60->28; 25->23; 2->1; 77->19,51->64; 56->81; 21->94; 34->79; 74->100; 42->83; 87->92; 81->90; 22->25; 32->65; 97->99; 9->72,-4.541666667,0.838757396
4,59->55; 5->4; 63->10; 28->24; 76->23; 97->94; 42->15; 83->65,87->90; 20->73; 72->76; 4->61; 78->81; 67->85; 50->74; 2->21; 99->100; 32->83; 49->92; 11->20,-3.375,0.857894737
5,31->9; 19->1; 92->54; 4->3; 11->2; 61->18; 38->6; 58->57; 39->15,90->98; 22->70; 70->85; 44->99; 5->55; 36->46; 13->82; 26->38; 83->94; 37->83; 86->91,-9.02020202,0.698412698
6,58->2; 82->79; 90->9; 59->26; 32->23; 78->17; 45->16; 17->5; 13->4; 26->12,4->36; 79->86; 10->62; 15->85; 29->39; 94->98; 96->97; 80->81; 56->96; 98->100,8.8,1.401826484
7,39->12; 4->2; 22->7; 10->8; 97->59; 54->33; 82->18; 94->54; 79->17; 61->14,17->39; 48->82; 76->89; 83->94; 45->78; 56->72; 19->80; 53->58; 64->87; 3->95,0.8,1.025806452
8,46->36; 9->5; 99->95; 17->15; 97->4; 3->1; 79->70; 92->55,71->90; 45->85; 66->83; 70->75; 33->49; 40->99; 78->86; 95->97; 27->40; 34->84; 23->28; 80->81,0.541666667,1.027659574
9,51->15; 61->2; 50->49; 32->18; 20->17; 55->38; 43->16; 91->34,6->58; 81->86; 46->94; 30->41; 76->97; 66->67; 7->88; 82->89; 69->82; 3->68; 9->61; 63->73,-3.75,0.87704918
10,52->18; 35->26; 65->47; 80->22; 8->4; 33->3; 45->17; 76->2; 95->78,86->93; 79->97; 41->55; 39->68; 6->86; 99->100; 62->67; 38->92; 67->91; 73->75; 53->56,8.676767677,1.402719175
